                  epoch,         train/box_loss,         train/cls_loss,         train/dfl_loss,   metrics/precision(B),      metrics/recall(B),       metrics/mAP50(B),    metrics/mAP50-95(B),           val/box_loss,           val/cls_loss,           val/dfl_loss,                 lr/pg0,                 lr/pg1,                 lr/pg2
                      1,                  1.016,                 1.2879,                0.94842,                0.81726,                0.77404,                0.86126,                0.62637,                0.81252,                0.82996,                0.90245,              0.0033304,              0.0033304,              0.0033304
                      2,                0.99589,                 0.8552,                0.93138,                0.84139,                0.77808,                 0.8649,                0.63209,                0.84553,                0.78593,                0.91128,              0.0066373,              0.0066373,              0.0066373
                      3,                 1.0338,                0.83752,                 0.9436,                0.82207,                0.77713,                0.85663,                  0.607,                 0.8916,                0.81006,                0.93037,              0.0099179,              0.0099179,              0.0099179
                      4,                 1.0316,                0.78916,                0.94444,                0.84453,                0.80277,                0.87344,                   0.63,                0.85145,                0.74874,                0.91778,              0.0098812,              0.0098812,              0.0098812
                      5,                0.98712,                0.73756,                0.93604,                0.85065,                0.79367,                 0.8761,                0.63801,                0.86052,                0.71314,                0.92812,              0.0098812,              0.0098812,              0.0098812
                      6,                0.96616,                0.70599,                0.93146,                 0.8548,                0.80182,                0.88253,                0.64847,                0.84017,                0.67311,                0.92265,              0.0098416,              0.0098416,              0.0098416
                      7,                0.94818,                0.67633,                0.92605,                0.85792,                0.79439,                 0.8802,                0.65118,                0.82742,                0.68254,                0.92583,               0.009802,               0.009802,               0.009802
                      8,                0.92949,                0.65511,                0.92359,                0.85728,                0.80637,                0.88791,                 0.6633,                0.81648,                0.64618,                0.91807,              0.0097624,              0.0097624,              0.0097624
                      9,                0.91826,                0.64395,                0.92002,                0.85691,                0.81174,                0.88843,                0.66368,                0.81018,                0.63854,                0.91894,              0.0097228,              0.0097228,              0.0097228
                     10,                0.90861,                0.63081,                0.91888,                0.86054,                 0.8068,                0.89303,                 0.6711,                0.79672,                0.62305,                0.91521,              0.0096832,              0.0096832,              0.0096832
                     11,                0.90366,                0.62284,                0.91666,                0.87115,                0.80527,                 0.8942,                 0.6751,                0.80769,                0.62181,                0.92061,              0.0096436,              0.0096436,              0.0096436
                     12,                0.89168,                0.60919,                0.91243,                0.87213,                0.81774,                0.90156,                0.68023,                 0.7956,                0.59877,                0.91254,               0.009604,               0.009604,               0.009604
                     13,                0.88275,                0.60095,                0.90858,                0.86407,                0.82012,                0.90084,                0.68441,                0.78415,                0.59051,                0.91164,              0.0095644,              0.0095644,              0.0095644
                     14,                0.87452,                0.59478,                0.90852,                0.86451,                0.81888,                0.89678,                0.68044,                0.80089,                0.60283,                0.91698,              0.0095248,              0.0095248,              0.0095248
                     15,                0.86847,                0.58662,                 0.9069,                0.86368,                0.82681,                0.89912,                0.68112,                0.78948,                0.59711,                0.91458,              0.0094852,              0.0094852,              0.0094852
                     16,                0.85998,                0.58296,                0.90445,                0.87618,                0.82071,                 0.9047,                0.68761,                 0.7803,                0.58288,                0.90761,              0.0094456,              0.0094456,              0.0094456
                     17,                0.85652,                 0.5758,                0.90428,                0.87469,                0.82305,                0.90647,                0.68773,                0.79157,                0.57637,                0.91294,               0.009406,               0.009406,               0.009406
                     18,                0.85017,                0.57311,                0.90205,                0.86524,                 0.8321,                0.90896,                0.69498,                0.76913,                0.55854,                0.90417,              0.0093664,              0.0093664,              0.0093664
                     19,                0.85112,                0.56799,                0.90179,                0.87075,                 0.8372,                 0.9125,                0.70004,                0.76857,                0.56273,                0.90649,              0.0093268,              0.0093268,              0.0093268
                     20,                0.84066,                0.56275,                0.89813,                0.87103,                0.83266,                0.90721,                0.69548,                0.76594,                0.57106,                0.90499,              0.0092872,              0.0092872,              0.0092872
                     21,                0.84311,                0.55815,                0.90137,                0.87611,                0.83314,                 0.9137,                0.69869,                0.76909,                0.55932,                0.90923,              0.0092476,              0.0092476,              0.0092476
                     22,                0.83575,                0.55574,                0.89672,                0.87894,                0.82327,                0.90806,                0.69653,                0.76162,                0.56678,                0.90559,               0.009208,               0.009208,               0.009208
                     23,                0.83036,                0.54989,                0.89482,                0.88228,                 0.8237,                0.91246,                0.70161,                 0.7519,                0.55409,                0.90101,              0.0091684,              0.0091684,              0.0091684
                     24,                0.82564,                0.54741,                0.89542,                0.87204,                 0.8421,                0.91489,                0.70478,                0.75347,                0.55284,                0.90115,              0.0091288,              0.0091288,              0.0091288
                     25,                0.82182,                0.54381,                0.89513,                0.87083,                0.83609,                0.91438,                0.70373,                0.75954,                0.54747,                0.91105,              0.0090892,              0.0090892,              0.0090892
                     26,                 0.8229,                0.54454,                0.89482,                0.87969,                 0.8377,                0.91716,                0.70614,                0.75367,                0.54619,                 0.9041,              0.0090496,              0.0090496,              0.0090496
                     27,                0.82378,                0.54197,                0.89308,                0.87237,                0.83942,                0.91641,                0.70498,                0.76422,                0.54458,                 0.9079,                0.00901,                0.00901,                0.00901
                     28,                0.81822,                0.53621,                0.89219,                0.88217,                0.82949,                0.91658,                0.70906,                0.75419,                0.53929,                0.91014,              0.0089704,              0.0089704,              0.0089704
                     29,                 0.8124,                0.53486,                0.89167,                0.88154,                0.84022,                0.91888,                0.71042,                0.75051,                0.54009,                0.90372,              0.0089308,              0.0089308,              0.0089308
                     30,                0.80927,                0.52935,                0.88916,                0.88057,                0.83903,                 0.9206,                0.71211,                0.74993,                0.53641,                0.90208,              0.0088912,              0.0088912,              0.0088912
                     31,                  0.807,                 0.5311,                0.88989,                0.87522,                0.84462,                0.92009,                0.71029,                0.74008,                0.52737,                0.89841,              0.0088516,              0.0088516,              0.0088516
                     32,                0.80406,                0.52762,                0.88755,                 0.8781,                0.84633,                0.92209,                0.71236,                 0.7441,                 0.5347,                0.89694,               0.008812,               0.008812,               0.008812
                     33,                0.80113,                0.52718,                0.88924,                 0.8835,                0.84072,                0.92002,                0.71535,                0.74211,                 0.5266,                0.90079,              0.0087724,              0.0087724,              0.0087724
                     34,                 0.8068,                0.52707,                0.89027,                0.87243,                 0.8475,                0.91924,                0.71075,                 0.7374,                 0.5361,                0.89934,              0.0087328,              0.0087328,              0.0087328
                     35,                0.80029,                0.52214,                0.88786,                0.87155,                0.84845,                0.91949,                0.71388,                0.74805,                0.53754,                0.90482,              0.0086932,              0.0086932,              0.0086932
                     36,                0.79976,                0.52325,                 0.8876,                0.88376,                0.83846,                0.92108,                 0.7158,                0.74959,                0.52876,                0.90611,              0.0086536,              0.0086536,              0.0086536
                     37,                0.79537,                0.51788,                0.88489,                0.88485,                0.83876,                0.92292,                0.71888,                0.74432,                0.51871,                0.90432,               0.008614,               0.008614,               0.008614
                     38,                0.79168,                0.51929,                0.88572,                0.87875,                0.84353,                0.92109,                0.71645,                0.73609,                0.52476,                0.89682,              0.0085744,              0.0085744,              0.0085744
                     39,                0.79048,                 0.5151,                0.88628,                0.87691,                0.84892,                  0.922,                0.71663,                0.73383,                0.52081,                0.89946,              0.0085348,              0.0085348,              0.0085348
                     40,                0.79272,                0.51776,                 0.8862,                0.87232,                0.85093,                 0.9205,                0.71756,                 0.7413,                0.52551,                0.90205,              0.0084952,              0.0084952,              0.0084952
                     41,                0.79181,                0.51319,                0.88477,                0.87473,                0.84692,                0.92131,                0.71753,                0.74168,                0.52825,                0.90049,              0.0084556,              0.0084556,              0.0084556
                     42,                0.78693,                0.51226,                0.88392,                0.88541,                0.84413,                0.92264,                0.72119,                0.73072,                0.51757,                0.89704,               0.008416,               0.008416,               0.008416
                     43,                0.78998,                0.51583,                0.88498,                0.87771,                0.85223,                0.92359,                0.71972,                0.73232,                0.51586,                 0.8961,              0.0083764,              0.0083764,              0.0083764
                     44,                0.78368,                0.50809,                0.88246,                0.88886,                0.83999,                0.92392,                0.72145,                0.73013,                0.52469,                0.89696,              0.0083368,              0.0083368,              0.0083368
                     45,                0.78129,                0.51019,                0.88069,                 0.8872,                0.84306,                0.92517,                0.72407,                 0.7264,                0.51341,                0.89536,              0.0082972,              0.0082972,              0.0082972
                     46,                0.78332,                0.50555,                0.88162,                0.88644,                0.84553,                0.92346,                0.72115,                0.72741,                0.51631,                0.89779,              0.0082576,              0.0082576,              0.0082576
                     47,                 0.7782,                0.50557,                0.88327,                0.88435,                0.84716,                0.92426,                0.72336,                0.72823,                0.51798,                0.89909,               0.008218,               0.008218,               0.008218
                     48,                0.77661,                0.50381,                0.88039,                0.88576,                0.84709,                0.92418,                0.72389,                 0.7248,                0.51391,                0.89406,              0.0081784,              0.0081784,              0.0081784
                     49,                0.77582,                0.50064,                0.88082,                0.88206,                0.85578,                0.92392,                0.72369,                0.72697,                0.51208,                0.89635,              0.0081388,              0.0081388,              0.0081388
                     50,                0.77527,                0.49955,                0.88003,                0.88606,                 0.8527,                0.92679,                0.72728,                0.71904,                0.50901,                0.89102,              0.0080992,              0.0080992,              0.0080992
                     51,                 0.7741,                0.49955,                0.87919,                0.89296,                 0.8456,                0.92681,                0.72499,                0.72337,                0.50788,                0.89214,              0.0080596,              0.0080596,              0.0080596
                     52,                0.77174,                0.49683,                0.87821,                0.88443,                0.84685,                0.92506,                0.72944,                0.71691,                0.50482,                0.89024,                0.00802,                0.00802,                0.00802
                     53,                 0.7703,                0.49814,                0.88012,                0.88429,                0.85129,                 0.9272,                 0.7286,                0.71875,                 0.5064,                 0.8937,              0.0079804,              0.0079804,              0.0079804
                     54,                0.76896,                0.49623,                0.87961,                 0.8819,                0.85394,                0.92671,                0.72909,                0.71816,                0.50902,                0.89128,              0.0079408,              0.0079408,              0.0079408
                     55,                0.76831,                0.49461,                0.87796,                0.88254,                0.85029,                0.92697,                0.72709,                0.71737,                0.50579,                0.88973,              0.0079012,              0.0079012,              0.0079012
                     56,                0.76995,                0.49617,                0.87752,                0.88322,                0.85055,                0.92552,                0.72709,                0.72178,                0.51153,                0.89773,              0.0078616,              0.0078616,              0.0078616
                     57,                0.76333,                0.49306,                0.87803,                 0.8872,                0.84852,                0.92805,                0.73007,                0.71755,                0.50789,                0.89431,               0.007822,               0.007822,               0.007822
                     58,                0.76393,                0.49341,                0.87841,                0.89066,                0.85151,                0.92911,                0.73142,                0.71292,                0.49693,                0.89044,              0.0077824,              0.0077824,              0.0077824
                     59,                0.76868,                0.49302,                0.87756,                 0.8847,                0.85285,                0.92758,                0.73101,                0.71645,                0.50291,                0.89348,              0.0077428,              0.0077428,              0.0077428
                     60,                0.75998,                0.48696,                 0.8771,                0.88694,                0.85199,                0.92804,                0.73061,                0.70977,                0.49579,                0.89076,              0.0077032,              0.0077032,              0.0077032
                     61,                0.76425,                0.48869,                0.87583,                0.88217,                0.85667,                0.92836,                0.73366,                0.71024,                0.49882,                0.89026,              0.0076636,              0.0076636,              0.0076636
                     62,                0.75611,                0.48874,                0.87639,                0.89055,                 0.8523,                 0.9289,                 0.7329,                0.70563,                0.49374,                0.88581,               0.007624,               0.007624,               0.007624
                     63,                0.75546,                0.48433,                0.87341,                0.88893,                0.85374,                0.93062,                0.73385,                0.71137,                0.49121,                0.89099,              0.0075844,              0.0075844,              0.0075844
                     64,                0.75545,                0.48408,                0.87432,                0.88635,                0.85229,                0.93081,                0.73527,                0.70972,                 0.4966,                0.88886,              0.0075448,              0.0075448,              0.0075448
                     65,                0.75563,                0.48593,                0.87649,                0.89032,                0.85174,                0.93014,                0.73452,                0.70669,                0.48482,                 0.8889,              0.0075052,              0.0075052,              0.0075052
                     66,                0.75359,                0.48303,                0.87523,                0.88648,                0.85358,                0.92911,                0.73509,                0.70627,                0.49401,                0.88663,              0.0074656,              0.0074656,              0.0074656
                     67,                0.75522,                0.48321,                0.87501,                0.88989,                0.85549,                0.92983,                 0.7362,                0.71188,                0.49533,                 0.8904,               0.007426,               0.007426,               0.007426
                     68,                0.75192,                0.48322,                0.87428,                0.88316,                0.85916,                0.92966,                0.73516,                 0.7077,                0.49659,                0.88944,              0.0073864,              0.0073864,              0.0073864
                     69,                0.74804,                 0.4796,                0.87301,                0.88734,                0.85812,                0.92931,                0.73538,                0.71305,                0.49268,                0.89331,              0.0073468,              0.0073468,              0.0073468
                     70,                0.75137,                0.48282,                0.87468,                0.89231,                0.85163,                0.92997,                0.73464,                0.71369,                0.49442,                0.89291,              0.0073072,              0.0073072,              0.0073072
                     71,                0.74659,                0.48004,                0.87237,                0.88986,                0.85303,                0.92922,                0.73386,                0.71025,                0.48921,                0.89277,              0.0072676,              0.0072676,              0.0072676
                     72,                0.74955,                0.47737,                0.87346,                0.89278,                0.85343,                0.93143,                0.73727,                0.70518,                0.49022,                0.88897,               0.007228,               0.007228,               0.007228
                     73,                 0.7487,                0.47728,                0.87099,                0.88363,                0.86575,                0.93097,                0.73724,                0.70337,                0.48578,                0.88706,              0.0071884,              0.0071884,              0.0071884
                     74,                0.74913,                 0.4798,                0.87189,                0.88644,                0.86174,                0.93075,                 0.7364,                 0.7042,                0.48521,                0.88997,              0.0071488,              0.0071488,              0.0071488
                     75,                0.74452,                0.47593,                0.87173,                0.88007,                0.86627,                0.93147,                0.73819,                0.70568,                0.49296,                0.88904,              0.0071092,              0.0071092,              0.0071092
                     76,                0.74672,                0.47857,                0.87216,                0.88414,                0.86258,                 0.9314,                0.73771,                0.70046,                0.48595,                0.88866,              0.0070696,              0.0070696,              0.0070696
                     77,                0.74325,                0.47491,                0.87226,                0.89341,                0.85668,                0.93138,                0.73827,                0.69845,                0.48495,                0.88697,                0.00703,                0.00703,                0.00703
                     78,                 0.7435,                0.47364,                0.87101,                0.88954,                0.86152,                0.93207,                0.73909,                0.69713,                0.48496,                0.88887,              0.0069904,              0.0069904,              0.0069904
                     79,                0.74321,                0.47509,                0.87095,                0.89365,                0.85169,                0.93112,                0.73908,                0.70216,                0.48242,                0.88677,              0.0069508,              0.0069508,              0.0069508
                     80,                0.74345,                 0.4744,                0.87107,                0.88699,                0.85877,                0.93153,                0.74078,                0.70052,                 0.4826,                0.88845,              0.0069112,              0.0069112,              0.0069112
                     81,                0.74276,                0.47485,                0.87153,                0.89508,                0.85412,                0.93268,                0.74122,                0.70025,                0.48563,                0.88812,              0.0068716,              0.0068716,              0.0068716
                     82,                0.74115,                0.47196,                 0.8708,                0.88995,                0.86142,                0.93262,                0.73821,                0.70235,                0.48547,                0.89065,               0.006832,               0.006832,               0.006832
                     83,                0.73768,                0.46999,                   0.87,                0.89493,                0.85726,                  0.931,                0.74132,                0.69662,                0.48401,                0.88491,              0.0067924,              0.0067924,              0.0067924
                     84,                0.73956,                0.46984,                0.86834,                0.89155,                0.86182,                0.93223,                0.74248,                0.69737,                0.48042,                 0.8863,              0.0067528,              0.0067528,              0.0067528
                     85,                0.73829,                0.46956,                0.87063,                0.89564,                0.85779,                0.93335,                0.74175,                0.69478,                0.47497,                 0.8843,              0.0067132,              0.0067132,              0.0067132
                     86,                  0.737,                0.46829,                0.86977,                0.89656,                0.85726,                0.93312,                0.74181,                0.69797,                0.47801,                0.88532,              0.0066736,              0.0066736,              0.0066736
                     87,                0.73993,                0.47028,                0.87047,                0.89416,                 0.8573,                 0.9335,                0.74264,                0.69634,                 0.4756,                0.88395,               0.006634,               0.006634,               0.006634
                     88,                0.73536,                0.46625,                0.86737,                0.89223,                0.86017,                0.93348,                0.74345,                0.69501,                0.47844,                0.88642,              0.0065944,              0.0065944,              0.0065944
                     89,                 0.7314,                 0.4647,                0.86797,                0.88874,                0.86334,                0.93261,                0.74293,                0.69448,                0.48079,                0.88418,              0.0065548,              0.0065548,              0.0065548
                     90,                0.73771,                0.46813,                0.86809,                0.88892,                0.86278,                0.93196,                0.74331,                0.69334,                0.48582,                0.88411,              0.0065152,              0.0065152,              0.0065152
                     91,                0.73382,                0.46676,                0.86833,                0.89226,                0.86127,                0.93295,                0.74475,                0.69016,                 0.4823,                0.88262,              0.0064756,              0.0064756,              0.0064756
                     92,                0.73441,                0.46486,                0.86835,                0.88697,                0.86512,                0.93382,                0.74439,                0.69213,                 0.4754,                0.88539,               0.006436,               0.006436,               0.006436
                     93,                0.72741,                0.46401,                0.86629,                0.88509,                0.86785,                0.93347,                 0.7457,                0.69058,                0.47689,                0.88307,              0.0063964,              0.0063964,              0.0063964
                     94,                0.72625,                0.46228,                0.86825,                0.88577,                0.86881,                0.93426,                0.74608,                0.68959,                0.47591,                0.88371,              0.0063568,              0.0063568,              0.0063568
                     95,                0.72946,                0.46595,                0.86913,                0.88486,                0.86833,                0.93461,                0.74699,                0.68728,                0.47636,                0.88087,              0.0063172,              0.0063172,              0.0063172
                     96,                0.73012,                0.46072,                0.86538,                0.88815,                0.86593,                0.93479,                0.74645,                0.68517,                0.47299,                0.88195,              0.0062776,              0.0062776,              0.0062776
                     97,                0.73546,                0.46498,                0.86711,                0.88484,                0.86905,                0.93536,                0.74587,                 0.6874,                0.46953,                0.88279,               0.006238,               0.006238,               0.006238
                     98,                0.73049,                0.46146,                0.86643,                0.89273,                0.86229,                0.93425,                0.74684,                0.68972,                0.47212,                0.88466,              0.0061984,              0.0061984,              0.0061984
                     99,                0.72519,                0.45924,                0.86626,                0.88879,                0.86558,                0.93331,                0.74648,                0.68925,                0.47084,                0.88499,              0.0061588,              0.0061588,              0.0061588
                    100,                0.72535,                0.46003,                0.86539,                0.88822,                0.86691,                0.93442,                0.74728,                0.68581,                0.47411,                0.87917,              0.0061192,              0.0061192,              0.0061192
                    101,                0.72296,                0.45819,                0.86566,                0.89006,                0.86615,                0.93405,                0.74821,                0.68882,                0.47428,                0.88183,              0.0060796,              0.0060796,              0.0060796
                    102,                0.72351,                0.45802,                0.86522,                 0.8903,                 0.8674,                0.93504,                0.74831,                 0.6872,                  0.474,                0.88074,                0.00604,                0.00604,                0.00604
                    103,                 0.7252,                0.45872,                0.86711,                0.88937,                0.86539,                0.93398,                0.74641,                 0.6874,                0.47806,                0.87955,              0.0060004,              0.0060004,              0.0060004
                    104,                 0.7255,                0.45822,                0.86488,                0.89393,                0.85925,                0.93422,                0.74837,                0.68195,                0.47482,                0.87641,              0.0059608,              0.0059608,              0.0059608
                    105,                0.71916,                0.45623,                0.86521,                 0.8934,                 0.8637,                 0.9341,                0.74752,                 0.6887,                0.47286,                0.88279,              0.0059212,              0.0059212,              0.0059212
                    106,                0.72551,                0.45803,                 0.8651,                0.89131,                0.86617,                0.93462,                 0.7489,                0.68942,                0.47764,                0.88469,              0.0058816,              0.0058816,              0.0058816
                    107,                0.72584,                0.45735,                0.86575,                0.89499,                0.85998,                0.93342,                0.74927,                 0.6848,                0.47655,                0.88158,               0.005842,               0.005842,               0.005842
                    108,                0.71607,                0.45183,                0.86422,                0.90022,                0.85855,                0.93407,                0.74905,                0.68309,                0.47539,                0.87903,              0.0058024,              0.0058024,              0.0058024
                    109,                0.71813,                0.45156,                0.86341,                0.89812,                 0.8619,                 0.9346,                0.74868,                0.68281,                0.47657,                0.88047,              0.0057628,              0.0057628,              0.0057628
                    110,                0.72397,                0.45667,                0.86566,                0.89419,                0.86652,                0.93516,                0.74896,                0.68298,                 0.4748,                0.87964,              0.0057232,              0.0057232,              0.0057232
                    111,                0.71797,                0.45161,                 0.8626,                0.89443,                0.86637,                0.93603,                0.75083,                0.68044,                0.46995,                0.87785,              0.0056836,              0.0056836,              0.0056836
                    112,                 0.7211,                0.45569,                0.86498,                0.89349,                0.86846,                0.93687,                0.75068,                0.67978,                0.46648,                 0.8767,               0.005644,               0.005644,               0.005644
                    113,                 0.7162,                 0.4514,                0.86363,                0.89469,                0.86336,                0.93634,                0.74922,                0.68282,                0.46634,                0.87958,              0.0056044,              0.0056044,              0.0056044
                    114,                0.71788,                0.45246,                0.86224,                0.89726,                0.86253,                0.93549,                0.74934,                0.68394,                0.46703,                0.88347,              0.0055648,              0.0055648,              0.0055648
                    115,                0.71886,                0.45198,                 0.8621,                0.89702,                0.86538,                0.93723,                 0.7499,                0.68218,                0.46571,                0.88286,              0.0055252,              0.0055252,              0.0055252
                    116,                0.71748,                 0.4514,                0.86353,                0.89529,                0.86421,                0.93694,                0.75061,                0.68214,                0.46616,                0.88123,              0.0054856,              0.0054856,              0.0054856
                    117,                0.71271,                0.44825,                0.86261,                0.90041,                0.86054,                0.93634,                0.75061,                0.68224,                0.46553,                0.88294,               0.005446,               0.005446,               0.005446
                    118,                0.71337,                0.45031,                0.86438,                0.89939,                0.86211,                0.93606,                0.75109,                0.68303,                0.46374,                0.88585,              0.0054064,              0.0054064,              0.0054064
                    119,                0.71486,                0.44785,                0.86084,                0.89891,                0.86183,                0.93637,                0.75093,                0.68367,                 0.4665,                0.88456,              0.0053668,              0.0053668,              0.0053668
                    120,                 0.7067,                0.44474,                0.86108,                0.89691,                0.86339,                0.93625,                0.75109,                 0.6856,                0.46469,                0.88619,              0.0053272,              0.0053272,              0.0053272
                    121,                0.71112,                0.44709,                0.86163,                0.90019,                0.86161,                0.93609,                 0.7519,                0.68282,                0.46677,                0.88299,              0.0052876,              0.0052876,              0.0052876
                    122,                0.71159,                0.44732,                0.86245,                0.89453,                0.86479,                 0.9364,                0.75176,                0.68047,                0.46766,                0.88142,               0.005248,               0.005248,               0.005248
                    123,                0.71296,                0.44767,                0.86148,                0.89812,                0.85875,                0.93533,                0.75057,                0.68162,                0.46561,                 0.8821,              0.0052084,              0.0052084,              0.0052084
                    124,                0.71004,                0.44619,                0.86108,                0.89789,                0.86083,                0.93567,                0.75149,                 0.6802,                0.46252,                0.88022,              0.0051688,              0.0051688,              0.0051688
                    125,                0.70925,                0.44426,                 0.8609,                 0.8993,                0.86142,                0.93674,                0.75156,                0.68006,                0.46226,                0.87913,              0.0051292,              0.0051292,              0.0051292
                    126,                0.71179,                0.44663,                0.86094,                0.89509,                0.86501,                 0.9371,                0.75101,                0.68312,                0.46319,                0.88164,              0.0050896,              0.0050896,              0.0050896
                    127,                0.71165,                0.44619,                0.86083,                0.89801,                0.86381,                0.93692,                0.75368,                0.67917,                0.45796,                0.87923,                0.00505,                0.00505,                0.00505
                    128,                0.70495,                0.44051,                0.86066,                0.90205,                0.85966,                0.93738,                0.75439,                 0.6797,                0.45568,                0.88037,              0.0050104,              0.0050104,              0.0050104
                    129,                0.70653,                0.44499,                0.86102,                0.89743,                0.86493,                0.93746,                0.75435,                0.68022,                0.45608,                0.88143,              0.0049708,              0.0049708,              0.0049708
                    130,                0.70685,                0.44214,                0.86056,                0.89321,                0.86818,                0.93728,                0.75398,                0.67972,                0.45593,                0.88123,              0.0049312,              0.0049312,              0.0049312
                    131,                0.70641,                0.44496,                0.86166,                0.89435,                0.86569,                0.93727,                0.75366,                 0.6788,                0.45452,                0.87987,              0.0048916,              0.0048916,              0.0048916
                    132,                0.70328,                0.44083,                0.85897,                 0.8941,                 0.8654,                0.93665,                0.75286,                0.67838,                0.45822,                0.87898,               0.004852,               0.004852,               0.004852
                    133,                0.70503,                0.44111,                0.86117,                 0.8896,                0.87227,                0.93713,                0.75358,                0.67905,                0.46038,                0.87954,              0.0048124,              0.0048124,              0.0048124
                    134,                0.69988,                0.43879,                0.85809,                0.89329,                0.86894,                0.93723,                0.75402,                0.67871,                0.46329,                0.88045,              0.0047728,              0.0047728,              0.0047728
                    135,                0.70592,                0.44274,                0.85972,                0.89659,                0.86609,                0.93768,                0.75399,                0.68088,                 0.4607,                0.88478,              0.0047332,              0.0047332,              0.0047332
                    136,                 0.7092,                0.44428,                0.86154,                0.89507,                 0.8667,                0.93778,                0.75445,                0.67856,                0.46193,                0.87996,              0.0046936,              0.0046936,              0.0046936
                    137,                0.70116,                0.43913,                0.85901,                0.89388,                0.86724,                0.93783,                0.75431,                0.67627,                0.45941,                0.87853,               0.004654,               0.004654,               0.004654
                    138,                0.70503,                0.44045,                0.85912,                0.89554,                0.86754,                0.93813,                0.75469,                0.67469,                0.45779,                0.87724,              0.0046144,              0.0046144,              0.0046144
                    139,                 0.7032,                0.43729,                0.85851,                0.89469,                0.86773,                 0.9379,                0.75463,                0.67336,                 0.4595,                0.87589,              0.0045748,              0.0045748,              0.0045748
                    140,                0.70624,                0.43949,                0.85923,                0.89656,                0.86366,                0.93797,                0.75519,                0.67367,                0.46299,                0.87652,              0.0045352,              0.0045352,              0.0045352
                    141,                0.69563,                0.43394,                0.85757,                0.89261,                0.86791,                0.93811,                 0.7548,                0.67321,                0.45983,                0.87726,              0.0044956,              0.0044956,              0.0044956
                    142,                0.69864,                0.43524,                0.85814,                0.89586,                0.86594,                0.93822,                0.75579,                0.67375,                0.45879,                0.87941,               0.004456,               0.004456,               0.004456
                    143,                0.69925,                0.43674,                0.85808,                0.89549,                0.86812,                0.93816,                0.75643,                0.67286,                0.45955,                0.87784,              0.0044164,              0.0044164,              0.0044164
                    144,                0.70158,                0.43772,                0.86048,                0.89741,                0.86657,                0.93782,                0.75544,                 0.6735,                 0.4603,                0.87867,              0.0043768,              0.0043768,              0.0043768
                    145,                0.70015,                0.43816,                0.85952,                0.89491,                0.86946,                0.93721,                0.75479,                0.67392,                0.46182,                 0.8778,              0.0043372,              0.0043372,              0.0043372
                    146,                0.69484,                 0.4352,                0.85679,                0.89633,                0.86789,                0.93766,                0.75506,                0.67435,                0.45968,                0.87896,              0.0042976,              0.0042976,              0.0042976
                    147,                0.69482,                0.43303,                0.85638,                 0.8968,                0.86902,                0.93791,                0.75534,                0.67271,                0.45901,                0.87834,               0.004258,               0.004258,               0.004258
                    148,                0.69681,                0.43548,                 0.8579,                 0.8984,                0.86655,                0.93769,                0.75518,                0.67302,                0.45766,                0.87897,              0.0042184,              0.0042184,              0.0042184
                    149,                0.69618,                0.43185,                0.85719,                0.89587,                0.86909,                0.93779,                0.75482,                0.67489,                0.45678,                0.88064,              0.0041788,              0.0041788,              0.0041788
                    150,                0.69304,                 0.4321,                0.85688,                0.89512,                0.86788,                0.93781,                0.75446,                0.67629,                 0.4568,                0.88158,              0.0041392,              0.0041392,              0.0041392
                    151,                0.69504,                0.43287,                0.85527,                 0.8949,                0.86788,                0.93797,                0.75444,                0.67648,                0.45828,                0.88085,              0.0040996,              0.0040996,              0.0040996
                    152,                0.69711,                0.43257,                0.85607,                0.89555,                0.86905,                0.93776,                0.75579,                0.67574,                0.46037,                0.88096,                0.00406,                0.00406,                0.00406
                    153,                0.69084,                 0.4297,                0.85551,                0.89472,                0.86927,                0.93791,                0.75618,                0.67491,                 0.4582,                0.88006,              0.0040204,              0.0040204,              0.0040204
                    154,                0.69469,                0.43184,                0.85604,                0.89771,                0.86743,                0.93812,                0.75647,                0.67402,                0.45862,                0.87839,              0.0039808,              0.0039808,              0.0039808
                    155,                0.69317,                0.43222,                0.85746,                0.89538,                0.87033,                0.93858,                0.75647,                0.67512,                0.45678,                0.87888,              0.0039412,              0.0039412,              0.0039412
                    156,                0.69149,                0.43128,                0.85714,                 0.8957,                0.86889,                0.93849,                0.75681,                 0.6746,                0.45615,                0.87912,              0.0039016,              0.0039016,              0.0039016
                    157,                0.68947,                0.42855,                0.85629,                0.89595,                0.87021,                0.93914,                0.75678,                0.67581,                0.45512,                0.88133,               0.003862,               0.003862,               0.003862
                    158,                0.68563,                0.42833,                0.85544,                0.89717,                0.87067,                0.93892,                0.75742,                 0.6746,                0.45606,                 0.8809,              0.0038224,              0.0038224,              0.0038224
                    159,                0.69033,                0.42888,                0.85733,                  0.897,                0.86982,                0.93891,                 0.7571,                0.67341,                 0.4588,                0.88014,              0.0037828,              0.0037828,              0.0037828
                    160,                0.68934,                0.42943,                0.85554,                0.89797,                0.86788,                0.93862,                0.75697,                0.67317,                0.46039,                0.87978,              0.0037432,              0.0037432,              0.0037432
                    161,                0.68576,                0.42768,                0.85567,                0.89871,                 0.8685,                 0.9388,                0.75678,                0.67189,                0.45952,                0.87818,              0.0037036,              0.0037036,              0.0037036
                    162,                0.68373,                0.42472,                0.85453,                0.89795,                0.86865,                0.93868,                0.75694,                0.67093,                0.45986,                0.87818,               0.003664,               0.003664,               0.003664
                    163,                0.68961,                0.42868,                0.85507,                0.89665,                0.87021,                0.93908,                0.75767,                0.67141,                0.45838,                0.87935,              0.0036244,              0.0036244,              0.0036244
                    164,                0.68791,                0.42665,                0.85524,                0.89637,                0.87237,                0.93959,                0.75725,                0.67114,                0.45994,                0.87966,              0.0035848,              0.0035848,              0.0035848
                    165,                0.68329,                0.42599,                 0.8548,                0.89683,                0.87166,                0.93941,                0.75774,                0.67238,                0.45935,                0.88168,              0.0035452,              0.0035452,              0.0035452
                    166,                0.68357,                0.42506,                0.85068,                0.89654,                0.87204,                0.93951,                 0.7576,                0.67191,                 0.4584,                0.88201,              0.0035056,              0.0035056,              0.0035056
                    167,                0.68347,                 0.4248,                0.85544,                0.89584,                0.87142,                0.93923,                0.75743,                0.67232,                0.45735,                0.88239,               0.003466,               0.003466,               0.003466
                    168,                0.68749,                0.42565,                0.85641,                0.89823,                0.86893,                0.93892,                 0.7575,                0.67206,                0.45657,                0.88207,              0.0034264,              0.0034264,              0.0034264
                    169,                0.67969,                0.42095,                0.85224,                0.89763,                0.86903,                0.93908,                0.75773,                0.67232,                0.45647,                0.88241,              0.0033868,              0.0033868,              0.0033868
                    170,                0.68562,                0.42288,                0.85414,                0.89403,                0.87267,                0.93937,                0.75758,                0.67298,                0.45663,                0.88302,              0.0033472,              0.0033472,              0.0033472
                    171,                0.68458,                0.42355,                0.85498,                0.89696,                0.86813,                0.93904,                0.75735,                0.67317,                0.45777,                0.88228,              0.0033076,              0.0033076,              0.0033076
                    172,                0.68123,                0.42163,                 0.8548,                0.89804,                0.86646,                 0.9391,                0.75751,                0.67304,                0.45807,                0.88187,               0.003268,               0.003268,               0.003268
                    173,                0.68024,                0.42188,                0.85235,                0.89731,                 0.8684,                0.93903,                0.75767,                0.67272,                0.45778,                0.88109,              0.0032284,              0.0032284,              0.0032284
                    174,                0.68038,                0.42193,                 0.8537,                0.89419,                0.87114,                0.93919,                0.75792,                 0.6725,                0.45818,                 0.8808,              0.0031888,              0.0031888,              0.0031888
                    175,                0.68223,                0.42208,                0.85386,                0.89451,                0.87148,                0.93963,                0.75805,                0.67285,                 0.4575,                0.88111,              0.0031492,              0.0031492,              0.0031492
                    176,                0.67637,                0.41931,                0.85247,                0.89356,                0.87167,                0.93988,                0.75815,                0.67296,                0.45746,                 0.8811,              0.0031096,              0.0031096,              0.0031096
                    177,                  0.685,                0.42356,                0.85451,                0.89758,                0.86885,                0.94019,                0.75842,                0.67274,                0.45685,                0.88076,                0.00307,                0.00307,                0.00307
                    178,                 0.6807,                0.42187,                 0.8526,                0.89887,                0.86929,                0.94029,                0.75831,                 0.6734,                0.45699,                0.88126,              0.0030304,              0.0030304,              0.0030304
                    179,                 0.6753,                0.41771,                0.85185,                0.89671,                0.86973,                 0.9404,                0.75836,                0.67405,                0.45774,                0.88128,              0.0029908,              0.0029908,              0.0029908
                    180,                 0.6789,                0.41767,                0.85151,                0.89577,                0.87003,                0.94045,                0.75862,                 0.6732,                0.45788,                0.88053,              0.0029512,              0.0029512,              0.0029512
                    181,                0.67958,                0.41981,                 0.8529,                0.89535,                0.87024,                0.93971,                0.75883,                0.67297,                0.45769,                0.88037,              0.0029116,              0.0029116,              0.0029116
                    182,                0.67922,                0.41944,                0.85251,                0.89575,                0.87113,                 0.9398,                0.75887,                0.67258,                0.45747,                0.87976,               0.002872,               0.002872,               0.002872
                    183,                0.67447,                0.41635,                0.85164,                0.89598,                0.87109,                0.93986,                0.75889,                0.67211,                 0.4576,                0.87933,              0.0028324,              0.0028324,              0.0028324
                    184,                 0.6765,                0.41696,                 0.8526,                0.89796,                 0.8684,                 0.9399,                0.75879,                0.67139,                0.45735,                0.87878,              0.0027928,              0.0027928,              0.0027928
                    185,                0.67162,                 0.4136,                 0.8508,                0.89221,                0.87274,                0.93945,                0.75909,                0.67095,                0.45707,                0.87852,              0.0027532,              0.0027532,              0.0027532
                    186,                0.67476,                0.41631,                 0.8526,                0.89296,                0.87288,                0.93977,                0.75978,                0.67082,                0.45685,                0.87841,              0.0027136,              0.0027136,              0.0027136
                    187,                0.67837,                0.41869,                0.85203,                0.89153,                0.87443,                0.94005,                0.75971,                0.67106,                 0.4576,                0.87848,               0.002674,               0.002674,               0.002674
                    188,                0.67571,                0.41522,                0.85116,                0.89157,                0.87449,                0.94009,                0.75998,                0.67115,                0.45726,                0.87905,              0.0026344,              0.0026344,              0.0026344
                    189,                0.67478,                0.41628,                0.85173,                0.89409,                0.87189,                0.93993,                0.75994,                0.67128,                0.45654,                0.87917,              0.0025948,              0.0025948,              0.0025948
                    190,                0.67078,                0.41214,                0.85048,                0.89398,                0.87283,                0.93998,                0.76011,                0.67149,                0.45533,                0.87997,              0.0025552,              0.0025552,              0.0025552
                    191,                0.67063,                0.41417,                0.85109,                 0.8934,                0.87335,                0.94016,                0.76014,                0.67177,                 0.4535,                0.88061,              0.0025156,              0.0025156,              0.0025156
                    192,                0.66961,                0.41106,                0.84934,                0.89267,                0.87447,                0.94008,                0.75994,                0.67179,                0.45282,                0.88092,               0.002476,               0.002476,               0.002476
                    193,                0.67397,                0.41218,                0.85099,                0.89247,                0.87444,                 0.9401,                0.76031,                0.67176,                0.45278,                0.88115,              0.0024364,              0.0024364,              0.0024364
                    194,                0.66791,                0.41218,                0.85039,                0.89264,                0.87384,                 0.9403,                0.76012,                0.67189,                0.45299,                 0.8811,              0.0023968,              0.0023968,              0.0023968
                    195,                0.66946,                0.41251,                0.85044,                0.89395,                0.87239,                0.94028,                0.76023,                0.67209,                0.45285,                0.88131,              0.0023572,              0.0023572,              0.0023572
                    196,                0.66745,                0.40995,                 0.8501,                 0.8948,                0.87259,                0.94038,                0.76017,                0.67215,                0.45322,                0.88155,              0.0023176,              0.0023176,              0.0023176
                    197,                0.66885,                 0.4112,                 0.8494,                0.89775,                0.87043,                0.94023,                0.76044,                0.67214,                0.45282,                0.88154,               0.002278,               0.002278,               0.002278
                    198,                0.67027,                0.40999,                0.85118,                0.89948,                0.86921,                0.94016,                0.76024,                 0.6717,                0.45263,                0.88121,              0.0022384,              0.0022384,              0.0022384
                    199,                0.66527,                0.40965,                0.85025,                0.89889,                0.87028,                0.94031,                0.76052,                0.67191,                0.45215,                0.88119,              0.0021988,              0.0021988,              0.0021988
                    200,                0.66452,                0.40837,                0.84898,                0.89937,                0.86988,                0.93995,                0.76019,                0.67197,                0.45192,                0.88118,              0.0021592,              0.0021592,              0.0021592
                    201,                0.66461,                0.40738,                0.84885,                0.89906,                 0.8703,                0.94015,                0.76032,                0.67176,                0.45224,                0.88103,              0.0021196,              0.0021196,              0.0021196
                    202,                 0.6669,                0.40897,                0.84944,                0.89744,                0.87184,                 0.9402,                0.76028,                0.67208,                0.45225,                0.88132,                0.00208,                0.00208,                0.00208
                    203,                0.66897,                0.40849,                0.84902,                0.89741,                0.87188,                0.94004,                0.76022,                0.67206,                0.45295,                0.88127,              0.0020404,              0.0020404,              0.0020404
                    204,                0.66813,                0.40858,                0.84957,                0.89752,                 0.8716,                0.94014,                0.76016,                0.67216,                0.45349,                0.88114,              0.0020008,              0.0020008,              0.0020008
                    205,                0.66059,                0.40493,                0.84823,                0.89535,                0.87421,                0.94015,                 0.7601,                0.67242,                0.45403,                0.88105,              0.0019612,              0.0019612,              0.0019612
                    206,                0.66527,                 0.4073,                0.84848,                0.89333,                0.87633,                0.94046,                0.75987,                0.67254,                0.45436,                  0.881,              0.0019216,              0.0019216,              0.0019216
                    207,                0.66526,                0.40583,                0.84891,                0.90094,                0.86894,                0.94054,                0.76012,                 0.6725,                0.45453,                0.88099,               0.001882,               0.001882,               0.001882
                    208,                0.66453,                 0.4057,                0.84838,                0.90104,                0.86963,                0.94052,                0.76007,                 0.6725,                 0.4546,                0.88098,              0.0018424,              0.0018424,              0.0018424
                    209,                0.66387,                 0.4058,                0.84979,                 0.8956,                0.87463,                0.94036,                0.76036,                0.67222,                0.45458,                0.88095,              0.0018028,              0.0018028,              0.0018028
                    210,                0.66171,                0.40448,                0.84813,                0.89679,                0.87341,                0.94022,                0.76014,                0.67211,                0.45456,                0.88079,              0.0017632,              0.0017632,              0.0017632
                    211,                0.65897,                0.40332,                0.84728,                0.89628,                0.87417,                0.94033,                0.76016,                0.67207,                0.45457,                 0.8808,              0.0017236,              0.0017236,              0.0017236
                    212,                0.65902,                  0.403,                0.84637,                0.89623,                0.87441,                0.94054,                   0.76,                0.67222,                0.45455,                0.88075,               0.001684,               0.001684,               0.001684
                    213,                0.66197,                0.40248,                0.84708,                0.89591,                0.87499,                0.94046,                0.76016,                0.67249,                0.45488,                0.88083,              0.0016444,              0.0016444,              0.0016444
                    214,                0.66358,                0.40576,                0.84803,                0.89563,                0.87471,                0.94024,                0.76024,                0.67225,                0.45478,                 0.8808,              0.0016048,              0.0016048,              0.0016048
                    215,                0.65795,                0.40048,                0.84588,                0.89567,                0.87425,                0.94061,                0.76029,                0.67219,                0.45512,                0.88087,              0.0015652,              0.0015652,              0.0015652
                    216,                0.65845,                0.40306,                0.84706,                0.89327,                0.87729,                0.94073,                0.76043,                0.67236,                0.45554,                0.88103,              0.0015256,              0.0015256,              0.0015256
                    217,                0.65928,                0.40072,                0.84631,                0.89315,                0.87761,                0.94081,                0.76062,                0.67233,                0.45576,                0.88102,               0.001486,               0.001486,               0.001486
                    218,                 0.6575,                0.39933,                0.84616,                 0.8958,                 0.8749,                0.94066,                0.76044,                0.67242,                0.45607,                0.88109,              0.0014464,              0.0014464,              0.0014464
                    219,                0.65603,                 0.4001,                0.84729,                0.89563,                  0.875,                0.94053,                0.76051,                 0.6723,                0.45614,                0.88108,              0.0014068,              0.0014068,              0.0014068
                    220,                0.65762,                0.40188,                0.84721,                0.89638,                0.87433,                 0.9406,                0.76067,                0.67268,                0.45621,                0.88134,              0.0013672,              0.0013672,              0.0013672
                    221,                0.65596,                0.39934,                0.84634,                0.89654,                0.87449,                0.94057,                0.76064,                 0.6725,                0.45643,                0.88114,              0.0013276,              0.0013276,              0.0013276
                    222,                0.65385,                0.39905,                0.84855,                 0.8966,                0.87478,                0.94043,                0.76048,                0.67233,                0.45616,                0.88109,               0.001288,               0.001288,               0.001288
                    223,                0.65589,                0.39953,                 0.8462,                0.89746,                0.87399,                0.94018,                0.76044,                0.67254,                0.45612,                0.88111,              0.0012484,              0.0012484,              0.0012484
                    224,                0.65255,                0.39831,                0.84643,                0.89785,                0.87378,                0.94026,                0.76036,                0.67257,                0.45642,                0.88118,              0.0012088,              0.0012088,              0.0012088
                    225,                0.65094,                0.39596,                0.84569,                0.89742,                0.87451,                0.94025,                 0.7607,                0.67252,                0.45641,                0.88107,              0.0011692,              0.0011692,              0.0011692
                    226,                0.65517,                0.39871,                0.84616,                0.89608,                 0.8755,                0.94037,                0.76079,                0.67232,                 0.4565,                0.88119,              0.0011296,              0.0011296,              0.0011296
                    227,                0.64936,                0.39597,                0.84518,                0.89687,                0.87513,                 0.9401,                0.76078,                0.67233,                 0.4567,                0.88088,                0.00109,                0.00109,                0.00109
                    228,                0.65261,                0.39712,                0.84541,                0.89728,                0.87521,                 0.9401,                0.76089,                0.67229,                0.45647,                0.88114,              0.0010504,              0.0010504,              0.0010504
                    229,                0.64598,                0.39259,                0.84452,                0.89753,                0.87504,                0.94004,                0.76101,                0.67242,                0.45657,                0.88141,              0.0010108,              0.0010108,              0.0010108
                    230,                0.65241,                0.39462,                0.84551,                0.89781,                0.87483,                0.94011,                0.76102,                0.67258,                 0.4566,                0.88149,              0.0009712,              0.0009712,              0.0009712
                    231,                0.64986,                0.39538,                0.84579,                 0.8976,                0.87495,                0.94017,                 0.7611,                0.67254,                0.45644,                0.88155,              0.0009316,              0.0009316,              0.0009316
                    232,                0.64792,                0.39423,                0.84459,                0.89784,                0.87475,                0.93999,                0.76082,                0.67286,                0.45681,                0.88169,               0.000892,               0.000892,               0.000892
                    233,                0.64802,                0.39442,                0.84365,                0.89742,                0.87447,                0.93993,                0.76106,                0.67261,                0.45714,                 0.8814,              0.0008524,              0.0008524,              0.0008524
                    234,                0.64956,                0.39418,                0.84495,                0.89758,                0.87487,                0.94003,                0.76064,                 0.6725,                 0.4572,                0.88147,              0.0008128,              0.0008128,              0.0008128
                    235,                0.64775,                0.39021,                0.84401,                0.89753,                0.87472,                 0.9399,                0.76099,                0.67261,                0.45731,                0.88158,              0.0007732,              0.0007732,              0.0007732
                    236,                0.64597,                0.39349,                0.84449,                0.89593,                0.87587,                0.94017,                0.76107,                0.67255,                0.45752,                 0.8816,              0.0007336,              0.0007336,              0.0007336
                    237,                0.64356,                0.38985,                0.84361,                0.89571,                0.87555,                0.94016,                 0.7611,                0.67248,                0.45741,                0.88163,               0.000694,               0.000694,               0.000694
                    238,                0.64624,                0.39165,                0.84492,                0.89607,                0.87508,                 0.9398,                0.76109,                 0.6724,                0.45754,                0.88151,              0.0006544,              0.0006544,              0.0006544
                    239,                0.64508,                0.38997,                0.84432,                0.89627,                0.87534,                0.94001,                0.76136,                0.67225,                0.45766,                0.88145,              0.0006148,              0.0006148,              0.0006148
                    240,                0.64323,                0.39023,                0.84355,                0.89585,                 0.8755,                0.93988,                0.76126,                0.67218,                0.45791,                0.88144,              0.0005752,              0.0005752,              0.0005752
                    241,                0.63002,                 0.3761,                0.83596,                0.89609,                0.87492,                0.94007,                 0.7613,                0.67228,                0.45782,                0.88144,              0.0005356,              0.0005356,              0.0005356
                    242,                 0.6264,                0.37384,                0.83446,                0.89605,                0.87505,                 0.9401,                0.76127,                0.67234,                0.45839,                0.88134,               0.000496,               0.000496,               0.000496
                    243,                0.62332,                0.37015,                0.83493,                 0.8972,                 0.8747,                0.94008,                0.76165,                 0.6724,                0.45858,                 0.8814,              0.0004564,              0.0004564,              0.0004564
                    244,                0.62153,                0.37031,                0.83358,                0.89633,                0.87447,                0.94001,                0.76128,                0.67242,                0.45856,                0.88134,              0.0004168,              0.0004168,              0.0004168
                    245,                0.61723,                0.36867,                0.83436,                0.89602,                0.87505,                0.94001,                0.76138,                0.67248,                0.45863,                0.88142,              0.0003772,              0.0003772,              0.0003772
                    246,                0.61983,                0.36894,                0.83492,                0.89625,                0.87428,                0.94003,                0.76139,                0.67248,                0.45877,                0.88144,              0.0003376,              0.0003376,              0.0003376
                    247,                0.61649,                0.36733,                0.83383,                 0.8977,                0.87328,                0.94001,                0.76142,                0.67251,                0.45884,                0.88138,               0.000298,               0.000298,               0.000298
                    248,                0.61603,                 0.3664,                0.83286,                0.89773,                0.87407,                0.94005,                0.76132,                0.67237,                 0.4588,                0.88134,              0.0002584,              0.0002584,              0.0002584
                    249,                0.61286,                0.36478,                0.83171,                0.89847,                0.87288,                0.94002,                0.76129,                0.67259,                0.45911,                0.88138,              0.0002188,              0.0002188,              0.0002188
                    250,                0.61095,                0.36267,                0.83192,                0.89574,                0.87592,                0.94026,                0.76147,                0.67226,                0.45909,                0.88118,              0.0001792,              0.0001792,              0.0001792
